nick_name,readit,title
穿越人生,"
            72.1k
            阅读
          ",《较量》
麦豆声音工作室,"
            696
            阅读
          ",《骑着鹿穿越森林》
麦豆声音工作室,"
            8.6k
            阅读
          ",《较量》
海边的CC姐,"
            1.1k
            阅读
          ",都市小说：《燕子归去》
麦豆声音工作室,"
            910
            阅读
          ",《坠灭》
麦豆声音工作室,"
            386
            阅读
          ",《为谁生二胎》
一篇读罢,"
            0
            阅读
          ",读史人物
池风晓,"
            24.8k
            阅读
          ",白话聊斋
亢父居士,"
            10.7k
            阅读
          ",诸葛诞传之梦醒山河
吴晓布,"
            15.9k
            阅读
          ",风光摄影师小课堂
清玥恬然,"
            24.8k
            阅读
          ",古玩夜话
张白路,"
            24.4k
            阅读
          ",少年如雪
nick_name,readit,title
穿越人生,"
            72.1k
            阅读
          ",《较量》
麦豆声音工作室,"
            696
            阅读
          ",《骑着鹿穿越森林》
麦豆声音工作室,"
            8.6k
            阅读
          ",《较量》
海边的CC姐,"
            1.1k
            阅读
          ",都市小说：《燕子归去》
麦豆声音工作室,"
            910
            阅读
          ",《坠灭》
麦豆声音工作室,"
            386
            阅读
          ",《为谁生二胎》
一篇读罢,"
            0
            阅读
          ",读史人物
池风晓,"
            24.8k
            阅读
          ",白话聊斋
亢父居士,"
            10.7k
            阅读
          ",诸葛诞传之梦醒山河
吴晓布,"
            15.9k
            阅读
          ",风光摄影师小课堂
清玥恬然,"
            24.8k
            阅读
          ",古玩夜话
张白路,"
            24.4k
            阅读
          ",少年如雪
nick_name,readit,title
穿越人生,"
            72.1k
            阅读
          ",《较量》
麦豆声音工作室,"
            696
            阅读
          ",《骑着鹿穿越森林》
麦豆声音工作室,"
            8.6k
            阅读
          ",《较量》
海边的CC姐,"
            1.1k
            阅读
          ",都市小说：《燕子归去》
麦豆声音工作室,"
            910
            阅读
          ",《坠灭》
麦豆声音工作室,"
            386
            阅读
          ",《为谁生二胎》
一篇读罢,"
            0
            阅读
          ",读史人物
池风晓,"
            24.8k
            阅读
          ",白话聊斋
亢父居士,"
            10.7k
            阅读
          ",诸葛诞传之梦醒山河
吴晓布,"
            15.9k
            阅读
          ",风光摄影师小课堂
清玥恬然,"
            24.8k
            阅读
          ",古玩夜话
张白路,"
            24.4k
            阅读
          ",少年如雪
nick_name,readit,title
穿越人生,"
            72.1k
            阅读
          ",《较量》
麦豆声音工作室,"
            697
            阅读
          ",《骑着鹿穿越森林》
麦豆声音工作室,"
            8.6k
            阅读
          ",《较量》
海边的CC姐,"
            1.1k
            阅读
          ",都市小说：《燕子归去》
麦豆声音工作室,"
            915
            阅读
          ",《坠灭》
麦豆声音工作室,"
            390
            阅读
          ",《为谁生二胎》
一篇读罢,"
            0
            阅读
          ",读史人物
池风晓,"
            24.8k
            阅读
          ",白话聊斋
亢父居士,"
            10.7k
            阅读
          ",诸葛诞传之梦醒山河
吴晓布,"
            15.9k
            阅读
          ",风光摄影师小课堂
清玥恬然,"
            24.8k
            阅读
          ",古玩夜话
张白路,"
            24.4k
            阅读
          ",少年如雪
nick_name,readit,title
穿越人生,"
            72.1k
            阅读
          ",《较量》
麦豆声音工作室,"
            697
            阅读
          ",《骑着鹿穿越森林》
麦豆声音工作室,"
            8.6k
            阅读
          ",《较量》
海边的CC姐,"
            1.1k
            阅读
          ",都市小说：《燕子归去》
麦豆声音工作室,"
            915
            阅读
          ",《坠灭》
麦豆声音工作室,"
            390
            阅读
          ",《为谁生二胎》
一篇读罢,"
            0
            阅读
          ",读史人物
池风晓,"
            24.8k
            阅读
          ",白话聊斋
亢父居士,"
            10.7k
            阅读
          ",诸葛诞传之梦醒山河
吴晓布,"
            15.9k
            阅读
          ",风光摄影师小课堂
清玥恬然,"
            24.8k
            阅读
          ",古玩夜话
张白路,"
            24.4k
            阅读
          ",少年如雪
nick_name,readit,title
穿越人生,"
            72.1k
            阅读
          ",《较量》
麦豆声音工作室,"
            697
            阅读
          ",《骑着鹿穿越森林》
麦豆声音工作室,"
            8.6k
            阅读
          ",《较量》
海边的CC姐,"
            1.1k
            阅读
          ",都市小说：《燕子归去》
麦豆声音工作室,"
            915
            阅读
          ",《坠灭》
麦豆声音工作室,"
            390
            阅读
          ",《为谁生二胎》
一篇读罢,"
            0
            阅读
          ",读史人物
池风晓,"
            24.8k
            阅读
          ",白话聊斋
亢父居士,"
            10.7k
            阅读
          ",诸葛诞传之梦醒山河
吴晓布,"
            15.9k
            阅读
          ",风光摄影师小课堂
清玥恬然,"
            24.8k
            阅读
          ",古玩夜话
张白路,"
            24.4k
            阅读
          ",少年如雪
nick_name,readit,title
,,
,,
,,
,,
,,
,,
,,
,,
,,
,,
,,
,,
nick_name,readit,title
,,《苍穹》
,,为谁生二胎
,,《较量》
,,写给小白的产品内训课
,,《坠灭》
,,晖宗聊绘画
,,《为谁生二胎》
,,囚狐
,,《较量》
,,我把北方念给你听
,,骷髅玉（有声灵异小说）
,,【科幻】快乐星球Ⅴ
nick_name,readit,title
,,《苍穹》
,,为谁生二胎
,,《较量》
,,写给小白的产品内训课
,,《坠灭》
,,晖宗聊绘画
,,《为谁生二胎》
,,囚狐
,,《较量》
,,我把北方念给你听
,,骷髅玉（有声灵异小说）
,,【科幻】快乐星球Ⅴ
nick_name,readit,title
,"
              270阅读
            ",《苍穹》
,"
              120.7k阅读
            ",为谁生二胎
,"
              77.7k阅读
            ",《较量》
,"
              25.4k阅读
            ",写给小白的产品内训课
,"
              1.2k阅读
            ",《坠灭》
,"
              66.9k阅读
            ",晖宗聊绘画
,"
              557阅读
            ",《为谁生二胎》
,"
              14k阅读
            ",囚狐
,"
              9.4k阅读
            ",《较量》
,"
              0阅读
            ",我把北方念给你听
,"
              22.3k阅读
            ",骷髅玉（有声灵异小说）
,"
              14.1k阅读
            ",【科幻】快乐星球Ⅴ
nick_name,readit,title
清玥恬然,"
              25k阅读
            ",古玩夜话
麦豆声音工作室,"
              270阅读
            ",《苍穹》
闲和晨宇,"
              120.7k阅读
            ",为谁生二胎
穿越人生,"
              77.7k阅读
            ",《较量》
闫泽华,"
              25.4k阅读
            ",写给小白的产品内训课
麦豆声音工作室,"
              1.2k阅读
            ",《坠灭》
晖宗聊绘画,"
              66.9k阅读
            ",晖宗聊绘画
麦豆声音工作室,"
              557阅读
            ",《为谁生二胎》
张若扬,"
              14k阅读
            ",囚狐
麦豆声音工作室,"
              9.4k阅读
            ",《较量》
凉子姑娘,"
              0阅读
            ",我把北方念给你听
冰寒三尺,"
              22.3k阅读
            ",骷髅玉（有声灵异小说）
nick_name,readit,title
闲和晨宇,"
              121.5k阅读
            ",为谁生二胎
只有一半影子的人,"
              10.3k阅读
            ",母亲一点点找回她自己
麦豆声音工作室,"
              1.2k阅读
            ",《坠灭》
麦豆声音工作室,"
              42阅读
            ",《失控的布局》
凉子姑娘,"
              14.3k阅读
            ",我把北方念给你听
穿越人生,"
              81.6k阅读
            ",《较量》
儿童性教育老师胡佳威,"
              42.6k阅读
            ",怎样跟孩子“谈性说爱”
王小麦,"
              41.7k阅读
            ",深度写作需要掌握的核心技能——小麦谈写作1
麦豆声音工作室,"
              400阅读
            ",《苍穹》
麦豆声音工作室,"
              954阅读
            ",《骑着鹿穿越森林》
麦豆声音工作室,"
              35阅读
            ",《时光回去， 只愿不曾遇见你》
清玥恬然,"
              25.1k阅读
            ",古玩夜话
nick_name,readit,title
儿童性教育老师一胡佳威,"
              57.5k阅读
            ",怎样跟孩子“谈性说爱”
晖宗聊绘画,"
              79.8k阅读
            ",晖宗聊绘画
慕容歌,"
              31.6k阅读
            ",【心理】唤醒潜能
梅话三弄,"
              6.1k阅读
            ",飞跃明朝|有声小说
吴晓布,"
              22.2k阅读
            ",风光摄影师小课堂
冰寒三尺,"
              13.3k阅读
            ",醉长笙（已完结）
简叔,"
              86.7k阅读
            ",创业碎片
吴晓布,"
              199.1k阅读
            ",提升认知能力：成为精英的行动指南
念伊伊,"
              61.4k阅读
            ",人生逆转：小白理财奋斗记
蓝胖说说,"
              167.8k阅读
            ",历史真性情
梵燕平,"
              5k阅读
            ",散文随笔 | 拾遗
王老师八卦美术史,"
              59.3k阅读
            ",换一种方式打开美术史
nick_name,readit,title
儿童性教育老师一胡佳威,"
              57.5k阅读
            ",怎样跟孩子“谈性说爱”
晖宗聊绘画,"
              79.8k阅读
            ",晖宗聊绘画
慕容歌,"
              31.6k阅读
            ",【心理】唤醒潜能
梅话三弄,"
              6.1k阅读
            ",飞跃明朝|有声小说
吴晓布,"
              22.2k阅读
            ",风光摄影师小课堂
冰寒三尺,"
              13.3k阅读
            ",醉长笙（已完结）
简叔,"
              86.7k阅读
            ",创业碎片
吴晓布,"
              199.1k阅读
            ",提升认知能力：成为精英的行动指南
念伊伊,"
              61.4k阅读
            ",人生逆转：小白理财奋斗记
蓝胖说说,"
              167.8k阅读
            ",历史真性情
梵燕平,"
              5k阅读
            ",散文随笔 | 拾遗
王老师八卦美术史,"
              59.3k阅读
            ",换一种方式打开美术史
nick_name,readit,title
儿童性教育老师一胡佳威,"
              57.5k阅读
            ",怎样跟孩子“谈性说爱”
晖宗聊绘画,"
              79.9k阅读
            ",晖宗聊绘画
慕容歌,"
              31.6k阅读
            ",【心理】唤醒潜能
梅话三弄,"
              6.1k阅读
            ",飞跃明朝|有声小说
吴晓布,"
              22.3k阅读
            ",风光摄影师小课堂
冰寒三尺,"
              13.3k阅读
            ",醉长笙（已完结）
简叔,"
              86.8k阅读
            ",创业碎片
吴晓布,"
              199.2k阅读
            ",提升认知能力：成为精英的行动指南
念伊伊,"
              61.5k阅读
            ",人生逆转：小白理财奋斗记
蓝胖说说,"
              167.8k阅读
            ",历史真性情
梵燕平,"
              5k阅读
            ",散文随笔 | 拾遗
王老师八卦美术史,"
              59.3k阅读
            ",换一种方式打开美术史
nick_name,readit,title
儿童性教育老师一胡佳威,"
              57.5k阅读
            ",怎样跟孩子“谈性说爱”
晖宗聊绘画,"
              80k阅读
            ",晖宗聊绘画
慕容歌,"
              31.6k阅读
            ",【心理】唤醒潜能
梅话三弄,"
              6.1k阅读
            ",飞跃明朝|有声小说
吴晓布,"
              22.3k阅读
            ",风光摄影师小课堂
冰寒三尺,"
              13.3k阅读
            ",醉长笙（已完结）
简叔,"
              86.8k阅读
            ",创业碎片
吴晓布,"
              199.2k阅读
            ",提升认知能力：成为精英的行动指南
念伊伊,"
              61.5k阅读
            ",人生逆转：小白理财奋斗记
蓝胖说说,"
              167.8k阅读
            ",历史真性情
梵燕平,"
              5k阅读
            ",散文随笔 | 拾遗
王老师八卦美术史,"
              59.3k阅读
            ",换一种方式打开美术史
nick_name,readit,title
儿童性教育老师一胡佳威,"
              57.5k阅读
            ",怎样跟孩子“谈性说爱”
晖宗聊绘画,"
              80k阅读
            ",晖宗聊绘画
慕容歌,"
              31.6k阅读
            ",【心理】唤醒潜能
梅话三弄,"
              6.1k阅读
            ",飞跃明朝|有声小说
吴晓布,"
              22.3k阅读
            ",风光摄影师小课堂
冰寒三尺,"
              13.3k阅读
            ",醉长笙（已完结）
简叔,"
              86.8k阅读
            ",创业碎片
吴晓布,"
              199.2k阅读
            ",提升认知能力：成为精英的行动指南
念伊伊,"
              61.5k阅读
            ",人生逆转：小白理财奋斗记
蓝胖说说,"
              167.8k阅读
            ",历史真性情
梵燕平,"
              5k阅读
            ",散文随笔 | 拾遗
王老师八卦美术史,"
              59.3k阅读
            ",换一种方式打开美术史
nick_name,readit,title
儿童性教育老师一胡佳威,"
              57.5k阅读
            ",怎样跟孩子“谈性说爱”
晖宗聊绘画,"
              80k阅读
            ",晖宗聊绘画
慕容歌,"
              31.6k阅读
            ",【心理】唤醒潜能
梅话三弄,"
              6.1k阅读
            ",飞跃明朝|有声小说
吴晓布,"
              22.3k阅读
            ",风光摄影师小课堂
冰寒三尺,"
              13.3k阅读
            ",醉长笙（已完结）
简叔,"
              86.8k阅读
            ",创业碎片
吴晓布,"
              199.2k阅读
            ",提升认知能力：成为精英的行动指南
念伊伊,"
              61.5k阅读
            ",人生逆转：小白理财奋斗记
蓝胖说说,"
              167.8k阅读
            ",历史真性情
梵燕平,"
              5k阅读
            ",散文随笔 | 拾遗
王老师八卦美术史,"
              59.3k阅读
            ",换一种方式打开美术史
nick_name,readit,title
儿童性教育老师一胡佳威,"
              57.5k阅读
            ",怎样跟孩子“谈性说爱”
晖宗聊绘画,"
              80k阅读
            ",晖宗聊绘画
慕容歌,"
              31.6k阅读
            ",【心理】唤醒潜能
梅话三弄,"
              6.1k阅读
            ",飞跃明朝|有声小说
吴晓布,"
              22.3k阅读
            ",风光摄影师小课堂
冰寒三尺,"
              13.3k阅读
            ",醉长笙（已完结）
简叔,"
              86.8k阅读
            ",创业碎片
吴晓布,"
              199.2k阅读
            ",提升认知能力：成为精英的行动指南
念伊伊,"
              61.5k阅读
            ",人生逆转：小白理财奋斗记
蓝胖说说,"
              167.8k阅读
            ",历史真性情
梵燕平,"
              5k阅读
            ",散文随笔 | 拾遗
王老师八卦美术史,"
              59.3k阅读
            ",换一种方式打开美术史
nick_name,readit,title
儿童性教育老师一胡佳威,"
              57.5k阅读
            ",怎样跟孩子“谈性说爱”
晖宗聊绘画,"
              80k阅读
            ",晖宗聊绘画
慕容歌,"
              31.6k阅读
            ",【心理】唤醒潜能
梅话三弄,"
              6.1k阅读
            ",飞跃明朝|有声小说
吴晓布,"
              22.3k阅读
            ",风光摄影师小课堂
冰寒三尺,"
              13.3k阅读
            ",醉长笙（已完结）
简叔,"
              86.8k阅读
            ",创业碎片
吴晓布,"
              199.2k阅读
            ",提升认知能力：成为精英的行动指南
念伊伊,"
              61.5k阅读
            ",人生逆转：小白理财奋斗记
蓝胖说说,"
              167.8k阅读
            ",历史真性情
梵燕平,"
              5k阅读
            ",散文随笔 | 拾遗
王老师八卦美术史,"
              59.3k阅读
            ",换一种方式打开美术史
nick_name,readit,title
儿童性教育老师一胡佳威,"
              57.5k阅读
            ",怎样跟孩子“谈性说爱”
晖宗聊绘画,"
              80k阅读
            ",晖宗聊绘画
慕容歌,"
              31.6k阅读
            ",【心理】唤醒潜能
梅话三弄,"
              6.1k阅读
            ",飞跃明朝|有声小说
吴晓布,"
              22.3k阅读
            ",风光摄影师小课堂
冰寒三尺,"
              13.3k阅读
            ",醉长笙（已完结）
简叔,"
              86.8k阅读
            ",创业碎片
吴晓布,"
              199.2k阅读
            ",提升认知能力：成为精英的行动指南
念伊伊,"
              61.5k阅读
            ",人生逆转：小白理财奋斗记
蓝胖说说,"
              167.8k阅读
            ",历史真性情
梵燕平,"
              5k阅读
            ",散文随笔 | 拾遗
王老师八卦美术史,"
              59.3k阅读
            ",换一种方式打开美术史
nick_name,readit,title
儿童性教育老师一胡佳威,"
              57.5k阅读
            ",怎样跟孩子“谈性说爱”
晖宗聊绘画,"
              80k阅读
            ",晖宗聊绘画
慕容歌,"
              31.6k阅读
            ",【心理】唤醒潜能
梅话三弄,"
              6.1k阅读
            ",飞跃明朝|有声小说
吴晓布,"
              22.3k阅读
            ",风光摄影师小课堂
冰寒三尺,"
              13.3k阅读
            ",醉长笙（已完结）
简叔,"
              86.8k阅读
            ",创业碎片
吴晓布,"
              199.2k阅读
            ",提升认知能力：成为精英的行动指南
念伊伊,"
              61.5k阅读
            ",人生逆转：小白理财奋斗记
蓝胖说说,"
              167.8k阅读
            ",历史真性情
梵燕平,"
              5k阅读
            ",散文随笔 | 拾遗
王老师八卦美术史,"
              59.3k阅读
            ",换一种方式打开美术史
nick_name,readit,title
儿童性教育老师一胡佳威,"
              57.5k阅读
            ",怎样跟孩子“谈性说爱”
晖宗聊绘画,"
              80k阅读
            ",晖宗聊绘画
慕容歌,"
              31.6k阅读
            ",【心理】唤醒潜能
梅话三弄,"
              6.1k阅读
            ",飞跃明朝|有声小说
吴晓布,"
              22.3k阅读
            ",风光摄影师小课堂
冰寒三尺,"
              13.3k阅读
            ",醉长笙（已完结）
简叔,"
              86.8k阅读
            ",创业碎片
吴晓布,"
              199.2k阅读
            ",提升认知能力：成为精英的行动指南
念伊伊,"
              61.5k阅读
            ",人生逆转：小白理财奋斗记
蓝胖说说,"
              167.8k阅读
            ",历史真性情
梵燕平,"
              5k阅读
            ",散文随笔 | 拾遗
王老师八卦美术史,"
              59.3k阅读
            ",换一种方式打开美术史
